{"noiseKey":{"private":{"type":"Buffer","data":"4PjQ8LF04hvhymPziE3wvY/qeh3uLsdS782pvnFAl2w="},"public":{"type":"Buffer","data":"BXVCowehfsiKSjh816kN5JGHP/1deXk0PWI6v94VSGM="}},"pairingEphemeralKeyPair":{"private":{"type":"Buffer","data":"EEIXo/h3l8KRy7/d+A1khpLiQeiHbxrAQ6WGr85pyHk="},"public":{"type":"Buffer","data":"h5mk1d/MHA86nXmi/EMs3NAqXzWZM4IIlB39eA7ocRQ="}},"signedIdentityKey":{"private":{"type":"Buffer","data":"gPeZS7yUYVj+qEqOQdtBeGAcAYOiq9eXIo7teQN4lUo="},"public":{"type":"Buffer","data":"E+N1lz1vMoBJg/NteZe9jtwug7fYxVAiKtbhfSat41M="}},"signedPreKey":{"keyPair":{"private":{"type":"Buffer","data":"wDbNvpTxDMX/Dw4V0i2IJbsXLJ33XDcpB+XD8MCDGF8="},"public":{"type":"Buffer","data":"N4hZxpGzkAxgkK2M1rP5Itoxwa/RCHUIDTTwEYjyLS0="}},"signature":{"type":"Buffer","data":"YlBz8idgR661SjMz3O9alB+lJBdX3rls7CpEGjlfqy0/+PFi7jbQ1a1jAILrTQPOPjECquZKCdcVUPKyAONIgw=="},"keyId":1},"registrationId":158,"advSecretKey":"CHljMkaDSsDut486LueCXyFOosKopLxNa7elOF0hodw=","processedHistoryMessages":[],"nextPreKeyId":31,"firstUnuploadedPreKeyId":31,"accountSyncCounter":0,"accountSettings":{"unarchiveChats":false},"registered":true,"pairingCode":"AR3K458T","me":{"id":"255620503031:1@s.whatsapp.net","lid":"5352200372465:1@lid"},"account":{"details":"CJihzbEBEMua3MwGGAEgACgA","accountSignatureKey":"geNL6/YxsOy+uE+e9LtC0C2KvQxp/P0iNov2PmYnSHg=","accountSignature":"KSejIKNe/FXHvFSNBkfWo52VfmYAnuTdAI1ZZOeInQ/lemF/XKkNGw2+TffynS0z7IHSuf8B0aDci2aMzuKOAw==","deviceSignature":"r8fauPABbqUpsRSzORXAT0DQ8pKqy7HXWqN8ZqdEfT56SS+x9K4RqHZZQ2+3C2T6IAgexRxXmXI7Br48SyAggw=="},"signalIdentities":[{"identifier":{"name":"255620503031:1@s.whatsapp.net","deviceId":0},"identifierKey":{"type":"Buffer","data":"BYHjS+v2MbDsvrhPnvS7QtAtir0Mafz9IjaL9j5mJ0h4"}}],"platform":"android","routingInfo":{"type":"Buffer","data":"CAIIEggI"},"lastAccountSyncTimestamp":1771507023,"lastPropHash":"3gPUJk"}